,Tema,age
0,Africa,42.64
1,Asia,43.11994002998501
2,Australia,43.6198347107438
3,Europe,43.099378881987576
4,North America,44.030674846625764
5,South America,43.68803418803419
6,hello,hello
